,Unnamed: 0,Long,Lat,Rain,Tmax,Tmin,Dia
156972,18075,-103.954,21.0403,0.0,22.06464666195532,9.345267399919912,4
156973,18076,-103.826,21.0403,0.0,21.68974534394249,9.031713570309178,4
156974,18077,-103.699,21.0403,0.0,20.10152703308812,7.7843146394664755,4
156975,18078,-103.571,21.0403,0.0,20.44234641309979,8.295543709483976,4
156976,18079,-103.444,21.0403,0.0,21.778358382745523,9.399798500721776,4
156977,18080,-103.316,21.0403,0.0,21.233047374726862,9.14077577191291,4
156978,18081,-103.189,21.0403,0.0,19.842504304279245,8.40460591108771,4
156979,18082,-103.061,21.0403,0.0,18.833678939444717,8.336442035085376,4
156980,18083,-102.934,21.0403,0.0,19.242662195458728,8.575015601093543,4
156981,18084,-102.806,21.0403,0.0,19.590297963070626,8.881753043104043,4
156982,18085,-102.679,21.0403,0.0,18.90184281544705,8.370523973086543,4
156983,18086,-102.551,21.0403,0.0,18.833678939444717,8.799956391901244,4
156984,18087,-102.424,21.0403,0.0,18.77233145104262,8.990815244707777,4
156985,18088,-102.296,21.0403,0.0,18.46559400903212,8.663628639896578,4
156986,18089,-102.169,21.0403,0.0,18.29518431902629,8.050153755875577,4
156987,18090,-102.041,21.0403,0.0,18.513308722233766,7.797947414666942,4
156988,18091,-101.914,21.0403,0.0,19.03817056745172,7.852478515468809,4
156989,18092,-101.786,21.0403,0.0,19.37217355986316,7.907009616270676,4
156990,18093,-101.658,21.0403,0.0,19.378989947463392,7.722967151064376,4
156991,18094,-101.531,21.0403,0.05,18.96319030384916,8.097868469077211,4
156992,18095,-101.403,21.0403,0.057,17.783955249008788,8.193297895480478,4
156993,18096,-101.276,21.0403,0.7959999999999999,16.14120583735255,7.573006623859242,4
156994,18097,-101.148,21.0403,2.576,14.716580828903785,7.0072464530398735,4
156995,18098,-101.021,21.0403,2.738,15.827652007741818,7.811580189867411,4
156996,18099,-100.893,21.0403,4.665,16.843293760176586,8.874936655503811,4
156997,18100,-100.766,21.0403,2.784,16.638802132169587,8.949916919106377,4
156998,18101,-100.638,21.0403,0.415,15.514098178131087,7.8729276782695115,4
156999,18102,-100.511,21.0403,2.208,13.878165154075086,7.716150763464142,4
157000,18103,-100.383,21.0403,0.812,13.155628068450351,7.0958594918429085,4
157001,18104,-100.256,21.0403,2.031,12.433090982825613,6.932266189437307,4
157002,18105,-100.128,21.0403,2.612,11.778717773203216,6.979980902638942,4
157003,18106,-100.001,21.0403,8.411,11.696921122000413,7.375331383452475,4
157225,18328,-103.954,21.1593,0.0,21.348925963930824,8.684077802697276,4
157226,18329,-103.826,21.1593,0.0,20.06744509508696,7.832029352668109,4
157227,18330,-103.699,21.1593,0.0,19.208580257457555,7.457128034655275,4
157228,18331,-103.571,21.1593,0.0,19.822055141478554,8.056970143475809,4
157229,18332,-103.444,21.1593,0.0,20.81043134351239,9.065795508310345,4
157230,18333,-103.316,21.1593,0.0,20.95357548311729,9.488411539524813,4
157231,18334,-103.189,21.1593,0.0,20.50369390150189,9.113510221511977,4
157232,18335,-103.061,21.1593,0.0,18.874577265046124,8.411422298687944,4
157233,18336,-102.934,21.1593,0.0,18.54739066023492,8.009255430274179,4
157234,18337,-102.806,21.1593,0.0,19.66527822667319,8.656812252296342,4
157235,18338,-102.679,21.1593,0.0,19.597114350670854,8.581831988693777,4
157236,18339,-102.551,21.1593,0.0,19.528950474668523,8.765874453900077,4
157237,18340,-102.424,21.1593,0.0,19.46760298626642,8.806772779501475,4
157238,18341,-102.296,21.1593,0.0,19.256294970659187,8.547750050692612,4
157239,18342,-102.169,21.1593,0.0,18.976823079049627,8.077419306276509,4
157240,18343,-102.041,21.1593,0.0,18.976823079049627,7.743416313865075,4
157241,18344,-101.914,21.1593,0.0,18.915475590647517,7.388964158652942,4
157242,18345,-101.786,21.1593,0.01,18.704167575040287,7.70933437586391,4
157243,18346,-101.658,21.1593,0.01,18.11795824142022,9.720168717932744,4
157244,18347,-101.531,21.1593,0.055,17.136398426986617,7.579823011459474,4
157245,18348,-101.403,21.1593,0.298,16.09349112415092,6.9458989646377765,4
157246,18349,-101.276,21.1593,1.6019999999999999,14.532538363697483,6.809571212633108,4
157247,18350,-101.148,21.1593,2.055,14.66886611570215,6.884551476235673,4
157248,18351,-101.021,21.1593,4.029,15.814019232541352,7.832029352668109,4
157249,18352,-100.893,21.1593,4.96,16.475208829763986,8.418238686288174,4
157250,18353,-100.766,21.1593,1.379,16.154838612553018,8.268278159083044,4
157251,18354,-100.638,21.1593,0.11900000000000001,15.289157387323383,7.818396577467643,4
157252,18355,-100.511,21.1593,0.243,14.164453433284885,7.1231250422438395,4
157253,18356,-100.383,21.1593,1.202,12.882972564441015,6.952715352238008,4
157254,18357,-100.256,21.1593,3.471,12.208150192017916,6.911817026636609,4
157255,18358,-100.128,21.1593,5.89,12.214966579618151,7.089043104242675,4
157256,18359,-100.001,21.1593,8.769,11.48561310639318,7.416229709053876,4
157478,18581,-103.954,21.2782,0.0,20.939942707916824,8.799956391901244,4
157479,18582,-103.826,21.2782,0.0,19.051803342652192,7.511659135457141,4
157480,18583,-103.699,21.2782,0.0,18.445144846231425,6.959531739838242,4
157481,18584,-103.571,21.2782,0.0,19.126783606254754,7.5866393990597105,4
157482,18585,-103.444,21.2782,0.0,18.922291978247767,7.757049089065544,4
157483,18586,-103.316,21.2782,0.0,19.460786598666196,8.575015601093543,4
157484,18587,-103.189,21.2782,0.0,20.490061126301427,9.652004841930411,4
157485,18588,-103.061,21.2782,0.0,19.113150831054288,8.022888205474642,4
157486,18589,-102.934,21.2782,0.0,18.25428599342489,7.777498251866242,4
157487,18590,-102.806,21.2782,0.0,19.04498695505196,8.186481507880242,4
157488,18591,-102.679,21.2782,0.0,19.808422366278087,8.48640256229051,4
157489,18592,-102.551,21.2782,0.0,19.937933730682524,8.36370758548631,4
157490,18593,-102.424,21.2782,0.0,19.76752404067669,7.920642391471143,4
157491,18594,-102.296,21.2782,0.0,19.378989947463392,7.552557461058543,4
157492,18595,-102.169,21.2782,0.0,19.058619730252424,7.436678871854576,4
157493,18596,-102.041,21.2782,0.0,19.01772140465102,7.4843935850562096,4
157494,18597,-101.914,21.2782,0.0,18.81322977664402,7.354882220651777,4
157495,18598,-101.786,21.2782,0.01,17.927099388613687,7.913826003870909,4
157496,18599,-101.658,21.2782,0.044000000000000004,16.557005480966787,7.70933437586391,4
157497,18600,-101.531,21.2782,0.354,15.595894829333885,6.5096501582228425,4
157498,18601,-101.403,21.2782,1.196,15.227809898921285,6.870918701035207,4
157499,18602,-101.276,21.2782,0.9740000000000001,15.227809898921285,7.054961166241507,4
157500,18603,-101.148,21.2782,1.942,15.275524612122915,7.307167507450143,4
157501,18604,-101.021,21.2782,4.709,15.507281790530849,7.647986887461809,4
157502,18605,-100.893,21.2782,3.1310000000000002,15.814019232541352,7.716150763464142,4
157503,18606,-100.766,21.2782,2.16,15.268708224522689,7.457128034655275,4
157504,18607,-100.638,21.2782,0.66,14.512089200896785,7.000430065439643,4
157505,18608,-100.511,21.2782,0.562,13.291955820455014,6.666427073028207,4
157506,18609,-100.383,21.2782,2.8360000000000003,12.153619091216047,6.564181259024707,4
157507,18610,-100.256,21.2782,2.8739999999999997,11.301570641186874,6.536915708623773,4
157508,18611,-100.128,21.2782,17.273,10.333643601953746,6.789122049832407,4
157509,18612,-100.001,21.2782,9.847999999999999,11.54696059479528,7.3957805462531745,4
157731,18834,-103.954,21.397,0.0,21.348925963930824,9.972375059141381,4
157732,18835,-103.826,21.397,0.0,20.224222009892326,8.847671105102876,4
157733,18836,-103.699,21.397,0.0,17.743056923407387,6.455119057420975,4
157734,18837,-103.571,21.397,0.0,17.722607760606692,6.611895972226341,4
157735,18838,-103.444,21.397,0.0,17.920283001013452,6.952715352238008,4
157736,18839,-103.316,21.397,0.0,17.69534221020575,7.402596933853407,4
157737,18840,-103.189,21.397,0.0,19.23584580785849,8.397789523487477,4
157738,18841,-103.061,21.397,0.0,19.856137079479726,8.36370758548631,4
157739,18842,-102.934,21.397,0.0,18.540574272634693,7.327616670250841,4
157740,18843,-102.806,21.397,0.0,18.32926625702745,7.8729276782695115,4
157741,18844,-102.679,21.397,0.0,19.304009683860823,8.30236009708421,4
157742,18845,-102.551,21.397,0.0,19.706176552274584,8.275094546683277,4
157743,18846,-102.424,21.397,0.0,19.71980932747505,7.893376841070209,4
157744,18847,-102.296,21.397,0.0,19.351724397062455,7.661619662662276,4
157745,18848,-102.169,21.397,0.0,18.799597001443555,7.832029352668109,4
157746,18849,-102.041,21.397,0.0,18.561023435435384,7.566190236259008,4
157747,18850,-101.914,21.397,0.01,18.65645286183865,7.668436050262509,4
157748,18851,-101.786,21.397,0.01,17.879384675412055,7.804763802267175,4
157749,18852,-101.658,21.397,0.054000000000000006,16.345697465359553,7.1231250422438395,4
157750,18853,-101.531,21.397,0.706,15.623160379734822,6.18246355341164,4
157751,18854,-101.403,21.397,0.7440000000000001,15.159646022918947,6.850469538234508,4
157752,18855,-101.276,21.397,1.656,15.200544348520351,7.129941429844076,4
157753,18856,-101.148,21.397,4.047,14.900623294110085,7.3139838950503755,4
157754,18857,-101.021,21.397,2.537,14.702948053703315,6.857285925834741,4
157755,18858,-100.893,21.397,2.074,14.498456425696313,6.7754892746319415,4
157756,18859,-100.766,21.397,1.902,13.966778192878115,6.734590949030542,4
157757,18860,-100.638,21.397,2.041,13.087464192448016,6.359689631017708,4
157758,18861,-100.511,21.397,1.639,12.194517416817447,6.10066690220884,4
157759,18862,-100.383,21.397,3.6260000000000003,11.867330812006244,6.373322406218174,4
157760,18863,-100.256,21.397,8.511000000000001,11.492429493993411,6.761856499431474,4
157761,18864,-100.128,21.397,10.991,11.281121478386181,7.191288918246175,4
157762,18865,-100.001,21.397,7.066,12.52852040922888,7.729783538664608,4
157984,19087,-103.954,21.5156,0.0,20.490061126301427,9.338451012319675,4
157985,19088,-103.826,21.5156,0.0,21.25349653752756,9.842863694736943,4
157986,19089,-103.699,21.5156,0.0,18.342899032227926,7.273085569448974,4
157987,19090,-103.571,21.5156,0.0,17.05460177578382,6.271076592214674,4
157988,19091,-103.444,21.5156,0.0,17.77032247380832,6.611895972226341,4
157989,19092,-103.316,21.5156,0.0,17.538565295400392,7.2253708562473395,4
157990,19093,-103.189,21.5156,0.0,18.479226784232587,7.743416313865075,4
157991,19094,-103.061,21.5156,0.0,20.408264475098623,9.086244671111043,4
157992,19095,-102.934,21.5156,0.0,19.24947858305896,7.77068186426601,4
157993,19096,-102.806,21.5156,0.0,17.56583084580132,7.0617775538417416,4
157994,19097,-102.679,21.5156,0.0,18.274735156225592,7.818396577467643,4
157995,19098,-102.551,21.5156,0.0,19.24947858305896,8.145583182278843,4
157996,19099,-102.424,21.5156,0.0,19.528950474668523,8.15921595747931,4
157997,19100,-102.296,21.5156,0.0,19.304009683860823,7.832029352668109,4
157998,19101,-102.169,21.5156,0.0,18.615554536237255,7.797947414666942,4
157999,19102,-102.041,21.5156,0.01,18.09069269101929,8.050153755875577,4
158000,19103,-101.914,21.5156,0.02,18.01571242741672,7.859294903069043,4
158001,19104,-101.786,21.5156,0.01,17.763506086208086,7.668436050262509,4
158002,19105,-101.658,21.5156,0.14300000000000002,16.945539574180085,7.048144778641275,4
158003,19106,-101.531,21.5156,0.38799999999999996,16.148022224952786,6.918633414236842,4
158004,19107,-101.403,21.5156,1.526,15.152829635318716,6.9254498018370745,4
158005,19108,-101.276,21.5156,1.453,14.403026999293045,6.918633414236842,4
158006,19109,-101.148,21.5156,5.019,14.389394224092582,7.177656143045707,4
158007,19110,-101.021,21.5156,2.161,14.246250084487679,6.741407336630776,4
158008,19111,-100.893,21.5156,1.819,13.700939076469016,6.482384607821907,4
158009,19112,-100.766,21.5156,2.1109999999999998,13.135178905649648,6.475568220221673,4
158010,19113,-100.638,21.5156,1.127,12.310396006021412,6.26426020461444,4
158011,19114,-100.511,21.5156,2.615,12.037740502012081,6.2029127162123405,4
158012,19115,-100.383,21.5156,5.2860000000000005,12.13998631601558,6.618712359826575,4
158013,19116,-100.256,21.5156,7.649,13.032933091646148,7.613904949460642,4
158014,19117,-100.128,21.5156,6.954,13.591876874865283,8.554566438292843,4
158015,19118,-100.001,21.5156,7.995,13.346486921256881,8.479586174690276,4
158237,19340,-103.954,21.6342,0.0,19.610747125871324,8.30236009708421,4
158238,19341,-103.826,21.6342,0.0,21.34210957633059,10.033722547543476,4
158239,19342,-103.699,21.6342,0.0,19.569848800269927,8.234196221081877,4
158240,19343,-103.571,21.6342,0.0,17.17729675258802,6.6391615226272735,4
158241,19344,-103.444,21.6342,0.0,17.831669962210427,6.686876235828907,4
158242,19345,-103.316,21.6342,0.0,18.192938505022788,7.034512003440808,4
158243,19346,-103.189,21.6342,0.0,18.288367931426045,7.504842747856909,4
158244,19347,-103.061,21.6342,0.0,20.15605813388999,8.172848732679777,4
158245,19348,-102.934,21.6342,0.0,20.271936723093955,8.622730314295177,4
158246,19349,-102.806,21.6342,0.0,18.008896039816488,7.266269181848742,4
158247,19350,-102.679,21.6342,0.0,17.593096396202256,7.0413283910410405,4
158248,19351,-102.551,21.6342,0.0,18.704167575040287,7.654803275062043,4
158249,19352,-102.424,21.6342,0.0,19.41988827306479,8.247828996282342,4
158250,19353,-102.296,21.6342,0.0,19.133599993854986,7.9683571046727755,4
158251,19354,-102.169,21.6342,0.0,18.533757885034454,7.3957805462531745,4
158252,19355,-102.041,21.6342,0.01,18.08387630341905,8.091052081476978,4
158253,19356,-101.914,21.6342,0.02,17.518116132599687,8.206930670680942,4
158254,19357,-101.786,21.6342,0.03,17.05460177578382,7.893376841070209,4
158255,19358,-101.658,21.6342,0.065,16.693333232971447,7.3139838950503755,4
158256,19359,-101.531,21.6342,0.222,16.107123899351386,7.525291910657607,4
158257,19360,-101.403,21.6342,1.12,14.832459418107753,6.959531739838242,4
158258,19361,-101.276,21.6342,1.599,13.612326037665982,6.666427073028207,4
158259,19362,-101.148,21.6342,4.235,14.198535371286047,6.9254498018370745,4
158260,19363,-101.021,21.6342,4.626,14.484823650495848,7.218554468647107,4
158261,19364,-100.893,21.6342,1.074,14.232617309287214,6.727774561430308,4
158262,19365,-100.766,21.6342,2.612,13.741837402070415,6.680059848228675,4
158263,19366,-100.638,21.6342,2.199,13.40101802205875,6.75504011183124,4
158264,19367,-100.511,21.6342,2.125,13.114729742848947,6.734590949030542,4
158265,19368,-100.383,21.6342,6.129,12.426274595225381,7.0413283910410405,4
158266,19369,-100.256,21.6342,7.686,13.36011969645735,8.125134019478143,4
158267,19370,-100.128,21.6342,10.22,13.850899603674149,8.786323616700777,4
158268,19371,-100.001,21.6342,12.860999999999999,13.326037758456184,8.568199213493308,4
158490,19593,-103.954,21.7527,0.0,19.44715382346572,7.634354112261343,4
158491,19594,-103.826,21.7527,0.0,20.91949354511613,9.154408547113377,4
158492,19595,-103.699,21.7527,0.0,20.408264475098623,8.970366081907079,4
158493,19596,-103.571,21.7527,0.0,17.85893551261135,7.375331383452475,4
158494,19597,-103.444,21.7527,0.0,17.743056923407387,6.864102313434975,4
158495,19598,-103.316,21.7527,0.0,18.30200070662652,6.6255287474268085,4
158496,19599,-103.189,21.7527,0.0,17.70215859780599,6.243811041813741,4
158497,19600,-103.061,21.7527,0.0,19.03817056745172,7.273085569448974,4
158498,19601,-102.934,21.7527,0.0,20.53777583950305,8.670445027496811,4
158499,19602,-102.806,21.7527,0.0,19.229029420258254,7.791131027066709,4
158500,19603,-102.679,21.7527,0.0,18.09750907861952,6.898184251436143,4
158501,19604,-102.551,21.7527,0.0,18.50649233463352,7.409413321453641,4
158502,19605,-102.424,21.7527,0.0,19.03817056745172,8.15921595747931,4
158503,19606,-102.296,21.7527,0.0,18.915475590647517,7.995622655073709,4
158504,19607,-102.169,21.7527,0.0,18.526941497434226,7.538924685858076,4
158505,19608,-102.041,21.7527,0.01,18.17248934222209,7.552557461058543,4
158506,19609,-101.914,21.7527,0.01,17.54538168300062,8.029704593074875,4
158507,19610,-101.786,21.7527,0.03,16.788762659374722,7.7843146394664755,4
158508,19611,-101.658,21.7527,0.091,16.31843191495862,7.552557461058543,4
158509,19612,-101.531,21.7527,0.341,15.875366720943447,7.409413321453641,4
158510,19613,-101.403,21.7527,1.114,14.437108937294214,6.891367863835907,4
158511,19614,-101.276,21.7527,1.128,13.298772208055249,6.496017383022374,4
158512,19615,-101.148,21.7527,3.063,13.646407975667147,6.6732434606284405,4
158513,19616,-101.021,21.7527,4.145,14.355312286091412,7.341249445451307,4
158514,19617,-100.893,21.7527,1.749,14.532538363697483,7.320800282650608,4
158515,19618,-100.766,21.7527,2.444,13.884981541675314,7.198105305846409,4
158516,19619,-100.638,21.7527,2.531,13.646407975667147,7.3003511198499105,4
158517,19620,-100.511,21.7527,2.0140000000000002,13.012483928845446,6.9390825770375395,4
158518,19621,-100.383,21.7527,8.144,11.083446237979414,6.741407336630776,4
158519,19622,-100.256,21.7527,15.474,11.458347555992244,7.286718344649441,4
158520,19623,-100.128,21.7527,21.458000000000002,12.344477944022579,8.111501244277676,4
158521,19624,-100.001,21.7527,22.474,13.530529386463185,8.81358916710171,4
158743,19846,-103.954,21.8711,0.0,19.297193296260584,7.382147771052709,4
158744,19847,-103.826,21.8711,0.0,19.81523875387832,7.900193228670442,4
158745,19848,-103.699,21.8711,0.0,20.265120335493727,8.69089419029751,4
158746,19849,-103.571,21.8711,0.0,18.792780613843323,7.729783538664608,4
158747,19850,-103.444,21.8711,0.0,18.376980970229088,6.952715352238008,4
158748,19851,-103.316,21.8711,0.0,18.663269249438887,7.000430065439643,4
158749,19852,-103.189,21.8711,0.0,17.38178838059502,5.9302572122030055,4
158750,19853,-103.061,21.8711,0.0,18.13840740422092,7.0276956158405754,4
158751,19854,-102.934,21.8711,0.0,19.822055141478554,7.879744065869743,4
158752,19855,-102.806,21.8711,0.0,19.508501311867825,7.879744065869743,4
158753,19856,-102.679,21.8711,0.0,18.615554536237255,7.491209972656442,4
158754,19857,-102.551,21.8711,0.0,18.13840740422092,7.491209972656442,4
158755,19858,-102.424,21.8711,0.0,18.267918768625353,7.845662127868575,4
158756,19859,-102.296,21.8711,0.01,18.601921761036788,9.842863694736943,4
158757,19860,-102.169,21.8711,0.0,18.45196123383165,7.716150763464142,4
158758,19861,-102.041,21.8711,0.02,17.974814101815323,7.675252437862742,4
158759,19862,-101.914,21.8711,0.01,17.415870318596188,7.825212965067875,4
158760,19863,-101.786,21.8711,0.021,16.850110147776814,7.70933437586391,4
158761,19864,-101.658,21.8711,0.122,16.311615527358384,7.675252437862742,4
158762,19865,-101.531,21.8711,1.1640000000000001,15.54136372853202,7.266269181848742,4
158763,19866,-101.403,21.8711,0.855,14.198535371286047,6.857285925834741,4
158764,19867,-101.276,21.8711,0.892,13.373752471657815,6.659610685427972,4
158765,19868,-101.148,21.8711,2.024,12.77391036283728,6.557364871424474,4
158766,19869,-101.021,21.8711,3.886,13.087464192448016,6.652794297827741,4
158767,19870,-100.893,21.8711,4.277,13.762286564871117,7.457128034655275,4
158768,19871,-100.766,21.8711,2.5469999999999997,13.694122688868784,7.457128034655275,4
158769,19872,-100.638,21.8711,1.564,12.835257851239383,6.618712359826575,4
158770,19873,-100.511,21.8711,3.083,11.574226145196214,6.400587956619107,4
158771,19874,-100.383,21.8711,10.775,10.476787741558645,6.448302669820741,4
158772,19875,-100.256,21.8711,24.211,10.994833199176377,6.891367863835907,4
158773,19876,-100.128,21.8711,25.331,12.555785959629814,8.200114283080707,4
158774,19877,-100.001,21.8711,29.116999999999997,14.225800921686986,9.358900175120377,4
158996,20099,-103.954,21.9894,0.0,18.002079652216253,6.748223724231008,4
158997,20100,-103.826,21.9894,0.0,18.690534799839824,7.204921693446642,4
158998,20101,-103.699,21.9894,0.0,20.36736614949723,8.643179477095876,4
158999,20102,-103.571,21.9894,0.0,19.760707653076448,7.416229709053876,4
159000,20103,-103.444,21.9894,0.0,19.603930738271085,7.273085569448974,4
159001,20104,-103.316,21.9894,0.0,19.474419373866656,7.368514995852243,4
159002,20105,-103.189,21.9894,0.0,17.87256828781182,6.196096328612107,4
159003,20106,-103.061,21.9894,0.0,17.68852582260552,6.359689631017708,4
159004,20107,-102.934,21.9894,0.0,18.942741141048455,7.245820019048043,4
159005,20108,-102.806,21.9894,0.0,18.738249513041453,7.429862484254342,4
159006,20109,-102.679,21.9894,0.0,17.67489304740505,7.320800282650608,4
159007,20110,-102.551,21.9894,0.0,17.156847589787322,7.048144778641275,4
159008,20111,-102.424,21.9894,0.01,17.67489304740505,7.573006623859242,4
159009,20112,-102.296,21.9894,0.02,18.46559400903212,8.50685172509121,4
159010,20113,-102.169,21.9894,0.01,18.35653180742839,7.825212965067875,4
159011,20114,-102.041,21.9894,0.0,17.804404411809486,7.934275166671608,4
159012,20115,-101.914,21.9894,0.02,17.115949264185918,7.934275166671608,4
159013,20116,-101.786,21.9894,0.044000000000000004,16.522923542965618,7.525291910657607,4
159014,20117,-101.658,21.9894,0.105,16.073041961350214,7.613904949460642,4
159015,20118,-101.531,21.9894,0.5670000000000001,15.261891836922452,7.273085569448974,4
159016,20119,-101.403,21.9894,1.838,13.93269625487695,7.020879228240343,4
159017,20120,-101.276,21.9894,2.1069999999999998,13.496447448462016,6.836836763034041,4
159018,20121,-101.148,21.9894,0.927,12.535336796829116,6.359689631017708,4
159019,20122,-101.021,21.9894,3.4389999999999996,11.642390021198544,6.26426020461444,4
159020,20123,-100.893,21.9894,4.378,13.080647804847784,7.184472530645943,4
159021,20124,-100.766,21.9894,1.4369999999999998,13.196526394051748,6.986797290239174,4
159022,20125,-100.638,21.9894,2.633,11.294754253586644,6.093850514608607,4
159023,20126,-100.511,21.9894,5.745,11.233406765184547,6.5096501582228425,4
159024,20127,-100.383,21.9894,6.644,12.596684285231216,7.348065833051543,4
159025,20128,-100.256,21.9894,8.949,12.81480868843868,7.832029352668109,4
159026,20129,-100.128,21.9894,24.785,13.441916347660149,8.724976128298676,4
159027,20130,-100.001,21.9894,23.858,14.28033202248885,9.495227927125043,4
159249,20352,-103.954,22.1076,0.0,16.427494116562354,6.196096328612107,4
159250,20353,-103.826,22.1076,0.0,17.933915776213922,7.0276956158405754,4
159251,20354,-103.699,22.1076,0.0,20.36736614949723,8.206930670680942,4
159252,20355,-103.571,22.1076,0.0,20.210589234691856,7.607088561860409,4
159253,20356,-103.444,22.1076,0.0,19.69936016467436,7.341249445451307,4
159254,20357,-103.316,22.1076,0.0,19.44715382346572,7.327616670250841,4
159255,20358,-103.189,22.1076,0.0,18.479226784232587,6.666427073028207,4
159256,20359,-103.061,22.1076,0.0,17.981630489415554,6.189279941011874,4
159257,20360,-102.934,22.1076,0.0,18.704167575040287,6.911817026636609,4
159258,20361,-102.806,22.1076,0.0,18.17930572982232,7.491209972656442,4
159259,20362,-102.679,22.1076,0.0,16.563821868567018,6.727774561430308,4
159260,20363,-102.551,22.1076,0.01,16.223002488555352,6.236994654213508,4
159261,20364,-102.424,22.1076,0.02,17.456768644197588,7.4980263602566755,4
159262,20365,-102.296,22.1076,0.03,18.261102381025122,8.016071817874408,4
159263,20366,-102.169,22.1076,0.01,18.077059915818825,7.675252437862742,4
159264,20367,-102.041,22.1076,0.01,17.736240535807152,7.8729276782695115,4
159265,20368,-101.914,22.1076,0.04,16.945539574180085,8.063786531076042,4
159266,20369,-101.786,22.1076,0.083,16.154838612553018,7.416229709053876,4
159267,20370,-101.658,22.1076,0.376,15.616343992134585,7.375331383452475,4
159268,20371,-101.531,22.1076,1.1,14.68931527850285,7.286718344649441,4
159269,20372,-101.403,22.1076,1.74,13.700939076469016,7.164023367845242,4
159270,20373,-101.276,22.1076,1.7380000000000002,13.285139432854779,6.836836763034041,4
159271,20374,-101.148,22.1076,1.632,12.303579618421182,6.352873243417474,4
159272,20375,-101.021,22.1076,3.595,12.494438471227713,6.584630421825408,4
159273,20376,-100.893,22.1076,2.667,13.441916347660149,7.2253708562473395,4
159274,20377,-100.766,22.1076,0.34600000000000003,12.77391036283728,6.36650601861794,4
159275,20378,-100.638,22.1076,3.265,11.19932482718338,6.114299677409308,4
159276,20379,-100.511,22.1076,7.727,12.105904378014415,6.918633414236842,4
159277,20380,-100.383,22.1076,8.247,13.687306301268547,8.390973135887242,4
159278,20381,-100.256,22.1076,7.933,13.782735727671811,8.547750050692612,4
159279,20382,-100.128,22.1076,25.253,13.775919340071585,8.95673330670661,4
159280,20383,-100.001,22.1076,23.415,14.150820658084411,9.420247663522478,4
159502,20605,-103.954,22.2257,0.0,16.50929076776515,6.6255287474268085,4
159503,20606,-103.826,22.2257,0.0,18.063427140618355,7.082226716642443,4
159504,20607,-103.699,22.2257,0.0,19.869769854680197,7.818396577467643,4
159505,20608,-103.571,22.2257,0.0,19.18131470705662,7.327616670250841,4
159506,20609,-103.444,22.2257,0.0,18.49285955943305,6.802754825032875,4
159507,20610,-103.316,22.2257,0.0,18.54739066023492,6.707325398629607,4
159508,20611,-103.189,22.2257,0.0,18.55420704783516,6.461935445021207,4
159509,20612,-103.061,22.2257,0.0,18.404246520630018,6.18246355341164,4
159510,20613,-102.934,22.2257,0.0,18.642820086638192,6.795938437432642,4
159511,20614,-102.806,22.2257,0.0,17.98844687701579,7.634354112261343,4
159512,20615,-102.679,22.2257,0.0,15.92989782174532,6.3392404682170085,4
159513,20616,-102.551,22.2257,0.01,15.561812891332718,5.616703382592274,4
159514,20617,-102.424,22.2257,0.04,16.99325428738172,7.675252437862742,4
159515,20618,-102.296,22.2257,0.059000000000000004,17.920283001013452,7.988806267473475,4
159516,20619,-102.169,22.2257,0.01,17.818037187009953,7.620721337060876,4
159517,20620,-102.041,22.2257,0.03,17.524932520199922,7.504842747856909,4
159518,20621,-101.914,22.2257,0.365,16.904641248578688,7.695701600663441,4
159519,20622,-101.786,22.2257,0.305,16.073041961350214,7.491209972656442,4
159520,20623,-101.658,22.2257,0.467,14.886990518909615,7.0958594918429085,4
159521,20624,-101.531,22.2257,0.691,13.216975556852448,6.693692623429143,4
159522,20625,-101.403,22.2257,1.8459999999999999,12.876156176840782,6.720958173830074,4
159523,20626,-101.276,22.2257,2.571,12.930687277642647,6.870918701035207,4
159524,20627,-101.148,22.2257,3.3569999999999998,12.664848161233547,6.761856499431474,4
159525,20628,-101.021,22.2257,3.736,12.923870890042414,7.245820019048043,4
159526,20629,-100.893,22.2257,1.761,13.564611324464348,7.089043104242675,4
159527,20630,-100.766,22.2257,0.626,12.821625076038911,6.373322406218174,4
159528,20631,-100.638,22.2257,3.127,12.303579618421182,6.53009932102354,4
159529,20632,-100.511,22.2257,8.434,12.40582543242468,7.239003631447807,4
159530,20633,-100.383,22.2257,18.584,12.848890626439848,8.097868469077211,4
159531,20634,-100.256,22.2257,29.526,13.462365510460849,8.779507229100544,4
159532,20635,-100.128,22.2257,27.586,13.980410968078587,9.229388810715944,4
159533,20636,-100.001,22.2257,23.616,14.259882859688153,9.447513213923413,4
159755,20858,-103.954,22.3437,0.0,17.940732163814157,7.252636406648276,4
159756,20859,-103.826,22.3437,0.0,18.80641338904379,7.1094922670433744,4
159757,20860,-103.699,22.3437,0.0,19.426704660665024,7.518475523057375,4
159758,20861,-103.571,22.3437,0.0,18.17248934222209,6.959531739838242,4
159759,20862,-103.444,22.3437,0.0,17.456768644197588,6.455119057420975,4
159760,20863,-103.316,22.3437,0.0,17.811220799409718,6.5232829334233084,4
159761,20864,-103.189,22.3437,0.0,18.46559400903212,6.693692623429143,4
159762,20865,-103.061,22.3437,0.0,18.533757885034454,6.359689631017708,4
159763,20866,-102.934,22.3437,0.0,18.397430133029786,6.809571212633108,4
159764,20867,-102.806,22.3437,0.0,17.67489304740505,7.4843935850562096,4
159765,20868,-102.679,22.3437,0.0,15.848101170542519,6.570997646624942,4
159766,20869,-102.551,22.3437,0.03,15.248259061721985,5.521273956189005,4
159767,20870,-102.424,22.3437,0.054000000000000006,16.638802132169587,8.50685172509121,4
159768,20871,-102.296,22.3437,0.071,17.67489304740505,8.016071817874408,4
159769,20872,-102.169,22.3437,0.02,17.64762749700412,7.688885213063209,4
159770,20873,-102.041,22.3437,0.1,17.327257279793155,7.573006623859242,4
159771,20874,-101.914,22.3437,0.44,16.91145763617892,7.607088561860409,4
159772,20875,-101.786,22.3437,0.365,15.92989782174532,7.716150763464142,4
159773,20876,-101.658,22.3437,1.479,13.803184890472515,6.795938437432642,4
159774,20877,-101.531,22.3437,0.20800000000000002,12.77391036283728,6.352873243417474,4
159775,20878,-101.403,22.3437,1.722,12.39900904482445,6.434669894620272,4
159776,20879,-101.276,22.3437,3.388,12.923870890042414,6.666427073028207,4
159777,20880,-101.148,22.3437,4.899,13.18289361885128,7.0276956158405754,4
159778,20881,-101.021,22.3437,3.207,13.285139432854779,7.204921693446642,4
159779,20882,-100.893,22.3437,0.895,13.741837402070415,6.789122049832407,4
159780,20883,-100.766,22.3437,2.05,13.019300316445685,6.557364871424474,4
159781,20884,-100.638,22.3437,4.322,12.842074238839615,6.952715352238008,4
159782,20885,-100.511,22.3437,9.212,12.36492710682328,7.239003631447807,4
159783,20886,-100.383,22.3437,17.945,12.36492710682328,7.913826003870909,4
159784,20887,-100.256,22.3437,37.13,13.489631060861782,8.915834981105213,4
159785,20888,-100.128,22.3437,38.183,13.905430704476016,9.236205198316178,4
159786,20889,-100.001,22.3437,27.635,14.103105944882786,9.263470748717113,4
160008,21111,-103.954,22.4616,0.0,19.760707653076448,8.131950407078376,4
160009,21112,-103.826,22.4616,0.0,19.358540784662686,7.273085569448974,4
160010,21113,-103.699,22.4616,0.0,19.453970211065954,7.77068186426601,4
160011,21114,-103.571,22.4616,0.0,18.25428599342489,7.354882220651777,4
160012,21115,-103.444,22.4616,0.0,16.99325428738172,6.441486282220508,4
160013,21116,-103.316,22.4616,0.0,16.98643789978149,6.461935445021207,4
160014,21117,-103.189,22.4616,0.0,17.88620106301229,6.7754892746319415,4
160015,21118,-103.061,22.4616,0.0,18.445144846231425,6.707325398629607,4
160016,21119,-102.934,22.4616,0.0,18.104325466219755,6.584630421825408,4
160017,21120,-102.806,22.4616,0.0,17.456768644197588,7.054961166241507,4
160018,21121,-102.679,22.4616,0.0,16.161655000153253,6.645977910227507,4
160019,21122,-102.551,22.4616,0.01,15.657242317735985,5.902991661802074,4
160020,21123,-102.424,22.4616,0.044000000000000004,16.659251294970286,8.575015601093543,4
160021,21124,-102.296,22.4616,0.171,17.49766696979899,8.206930670680942,4
160022,21125,-102.169,22.4616,0.07,17.374971992994787,7.893376841070209,4
160023,21126,-102.041,22.4616,0.21,17.04096900058335,7.9683571046727755,4
160024,21127,-101.914,22.4616,0.203,16.52973993056585,8.11831763187791,4
160025,21128,-101.786,22.4616,1.065,15.173278798119421,7.620721337060876,4
160026,21129,-101.658,22.4616,1.094,13.666857138467849,6.748223724231008,4
160027,21130,-101.531,22.4616,1.311,13.353303308857114,6.5096501582228425,4
160028,21131,-101.403,22.4616,0.221,13.155628068450351,6.502833770622607,4
160029,21132,-101.276,22.4616,1.761,12.910238114841947,6.448302669820741,4
160030,21133,-101.148,22.4616,5.681,12.65121538603308,6.741407336630776,4
160031,21134,-101.021,22.4616,5.013,13.257873882453847,7.239003631447807,4
160032,21135,-100.893,22.4616,0.8109999999999999,13.953145417677648,6.870918701035207,4
160033,21136,-100.766,22.4616,2.622,13.176077231251044,6.714141786229841,4
160034,21137,-100.638,22.4616,5.2860000000000005,13.18289361885128,7.273085569448974,4
160035,21138,-100.511,22.4616,6.0120000000000005,12.821625076038911,7.573006623859242,4
160036,21139,-100.383,22.4616,14.613,12.637582610832615,8.097868469077211,4
160037,21140,-100.256,22.4616,33.281,13.278323045254547,8.738608903499143,4
160038,21141,-100.128,22.4616,43.188,13.394201634458515,8.745425291099378,4
160039,21142,-100.001,22.4616,37.26300000000001,13.516896611262714,8.929467756305678,4
160261,21364,-103.954,22.5794,0.0,20.82406411871285,8.370523973086543,4
160262,21365,-103.826,22.5794,0.0,19.03817056745172,7.368514995852243,4
160263,21366,-103.699,22.5794,0.0,18.697351187440056,7.320800282650608,4
160264,21367,-103.571,22.5794,0.0,18.404246520630018,7.641170499861577,4
160265,21368,-103.444,22.5794,0.0,16.95235596178032,6.598263197025874,4
160266,21369,-103.316,22.5794,0.0,15.854917558142752,5.991604700605106,4
160267,21370,-103.189,22.5794,0.0,16.70696600817192,6.55054848382424,4
160268,21371,-103.061,22.5794,0.0,18.008896039816488,6.8777350886354425,4
160269,21372,-102.934,22.5794,0.0,18.008896039816488,6.727774561430308,4
160270,21373,-102.806,22.5794,0.0,17.23864424099012,6.680059848228675,4
160271,21374,-102.679,22.5794,0.0,16.270717201756987,6.455119057420975,4
160272,21375,-102.551,22.5794,0.01,15.950346984546018,7.845662127868575,4
160273,21376,-102.424,22.5794,0.02,16.54337270576632,8.36370758548631,4
160274,21377,-102.296,22.5794,0.05,17.184113140188252,7.907009616270676,4
160275,21378,-102.169,22.5794,0.102,17.150031202187087,7.818396577467643,4
160276,21379,-102.041,22.5794,0.44299999999999995,16.877375698177755,8.138766794678611,4
160277,21380,-101.914,22.5794,0.184,15.820835620141585,7.927458779071376,4
160278,21381,-101.786,22.5794,0.225,14.675682503302387,7.436678871854576,4
160279,21382,-101.658,22.5794,0.838,14.17808620848535,6.9458989646377765,4
160280,21383,-101.531,22.5794,1.8319999999999999,14.07584039448185,6.898184251436143,4
160281,21384,-101.403,22.5794,0.40700000000000003,13.850899603674149,6.789122049832407,4
160282,21385,-101.276,22.5794,0.9890000000000001,12.855707014040082,6.400587956619107,4
160283,21386,-101.148,22.5794,5.3610000000000015,12.146802703615815,6.55054848382424,4
160284,21387,-101.021,22.5794,6.888999999999999,13.40101802205875,7.518475523057375,4
160285,21388,-100.893,22.5794,1.085,14.484823650495848,7.634354112261343,4
160286,21389,-100.766,22.5794,1.6440000000000001,13.871348766474853,7.273085569448974,4
160287,21390,-100.638,22.5794,5.18,13.544162161663651,7.4843935850562096,4
160288,21391,-100.511,22.5794,2.775,13.053382254446847,7.3957805462531745,4
160289,21392,-100.383,22.5794,9.21,11.81279971120438,7.252636406648276,4
160290,21393,-100.256,22.5794,21.325,12.419458207625144,7.879744065869743,4
160291,21394,-100.128,22.5794,39.992,13.128362518049414,8.575015601093543,4
160292,21395,-100.001,22.5794,42.193999999999996,13.680489913668316,9.065795508310345,4
160514,21617,-103.954,22.6971,0.0,20.680919979107962,8.60909753909471,4
160515,21618,-103.826,22.6971,0.0,17.86575190021159,6.9254498018370745,4
160516,21619,-103.699,22.6971,0.0,17.395421155795482,6.455119057420975,4
160517,21620,-103.571,22.6971,0.0,18.029345202617183,6.898184251436143,4
160518,21621,-103.444,22.6971,0.0,17.415870318596188,6.6391615226272735,4
160519,21622,-103.316,22.6971,0.0,15.92989782174532,5.862093336200672,4
160520,21623,-103.189,22.6971,0.0,15.861733945742984,6.1483816154104725,4
160521,21624,-103.061,22.6971,0.0,17.21819507818942,6.768672887031706,4
160522,21625,-102.934,22.6971,0.0,17.749873311007622,6.795938437432642,4
160523,21626,-102.806,22.6971,0.0,16.979621512181257,6.598263197025874,4
160524,21627,-102.679,22.6971,0.01,16.229818876155587,6.577814034225176,4
160525,21628,-102.551,22.6971,0.01,15.984428922547185,7.900193228670442,4
160526,21629,-102.424,22.6971,0.03,16.52973993056585,8.22056344588141,4
160527,21630,-102.296,22.6971,0.04,16.99325428738172,7.736599926264843,4
160528,21631,-102.169,22.6971,0.085,16.95235596178032,7.852478515468809,4
160529,21632,-102.041,22.6971,0.14400000000000002,16.781946271774487,8.152399569879076,4
160530,21633,-101.914,22.6971,0.754,15.848101170542519,7.688885213063209,4
160531,21634,-101.786,22.6971,0.121,14.771111929705652,7.170839755445473,4
160532,21635,-101.658,22.6971,1.7069999999999999,14.573436689298882,7.1231250422438395,4
160533,21636,-101.531,22.6971,2.685,14.566620301698652,7.245820019048043,4
160534,21637,-101.403,22.6971,2.12,14.15763704568465,7.170839755445473,4
160535,21638,-101.276,22.6971,3.074,13.435099960059915,6.9458989646377765,4
160536,21639,-101.148,22.6971,5.795,12.739828424836116,7.143574205044542,4
160537,21640,-101.021,22.6971,8.593,13.42146718485945,7.927458779071376,4
160538,21641,-100.893,22.6971,3.4160000000000004,14.614335014900286,8.131950407078376,4
160539,21642,-100.766,22.6971,1.015,13.994043743279052,7.416229709053876,4
160540,21643,-100.638,22.6971,6.308,12.992034766044748,7.129941429844076,4
160541,21644,-100.511,22.6971,0.95,12.876156176840782,6.9390825770375395,4
160542,21645,-100.383,22.6971,4.765,11.069813462778946,6.584630421825408,4
160543,21646,-100.256,22.6971,26.769000000000002,11.42426561799108,7.0958594918429085,4
160544,21647,-100.128,22.6971,34.63,13.257873882453847,8.69089419029751,4
160545,21648,-100.001,22.6971,38.372,14.130371495283716,9.372532950320844,4
160767,21870,-103.954,22.8147,0.0,19.426704660665024,8.104684856677443,4
160768,21871,-103.826,22.8147,0.0,16.536556318166088,6.257443817014207,4
160769,21872,-103.699,22.8147,0.0,15.814019232541352,5.5962542197915734,4
160770,21873,-103.571,22.8147,0.0,17.293175341791986,6.257443817014207,4
160771,21874,-103.444,22.8147,0.0,17.824853574610188,7.239003631447807,4
160772,21875,-103.316,22.8147,0.0,16.775129884174248,6.3937715690188766,4
160773,21876,-103.189,22.8147,0.0,16.086674736550687,5.9507063750037075,4
160774,21877,-103.061,22.8147,0.0,16.70696600817192,6.475568220221673,4
160775,21878,-102.934,22.8147,0.0,17.184113140188252,6.557364871424474,4
160776,21879,-102.806,22.8147,0.0,16.761497108973785,6.5096501582228425,4
160777,21880,-102.679,22.8147,0.02,16.311615527358384,7.3957805462531745,4
160778,21881,-102.551,22.8147,0.01,16.148022224952786,7.900193228670442,4
160779,21882,-102.424,22.8147,0.04,16.76831349657402,7.470760809855743,4
160780,21883,-102.296,22.8147,0.06,17.068234550984286,7.7502327014653085,4
160781,21884,-102.169,22.8147,0.125,16.822844597375887,7.722967151064376,4
160782,21885,-102.041,22.8147,0.154,16.216186100955113,8.002439042673942,4
160783,21886,-101.914,22.8147,0.395,15.309606550124085,7.423046096654109,4
160784,21887,-101.786,22.8147,0.897,14.64841695290145,7.0072464530398735,4
160785,21888,-101.658,22.8147,2.75,14.641600565301216,7.252636406648276,4
160786,21889,-101.531,22.8147,1.631,14.580253076899115,7.3957805462531745,4
160787,21890,-101.403,22.8147,1.234,13.81000127807275,7.136757817444309,4
160788,21891,-101.276,22.8147,4.768,13.026116704045913,7.034512003440808,4
160789,21892,-101.148,22.8147,6.353,12.835257851239383,7.436678871854576,4
160790,21893,-101.021,22.8147,10.989,13.373752471657815,8.070602918676276,4
160791,21894,-100.893,22.8147,5.852,13.741837402070415,7.988806267473475,4
160792,21895,-100.766,22.8147,3.102,13.291955820455014,7.020879228240343,4
160793,21896,-100.638,22.8147,11.548,12.32402878122188,6.979980902638942,4
160794,21897,-100.511,22.8147,2.873,13.414650797259213,7.286718344649441,4
160795,21898,-100.383,22.8147,1.104,12.378559882023747,6.864102313434975,4
160796,21899,-100.256,22.8147,9.707,12.228599354818616,7.2321872438475765,4
160797,21900,-100.128,22.8147,9.056000000000001,14.328046735690483,8.902202205904743,4
160798,21901,-100.001,22.8147,27.456999999999997,14.266699247288384,9.433880438722943,4
161020,22123,-103.954,22.9322,0.0,18.417879295830488,7.470760809855743,4
161021,22124,-103.826,22.9322,0.0,15.704957030937614,5.8143786229990395,4
161022,22125,-103.699,22.9322,0.0,14.709764441303554,5.207720126578272,4
161023,22126,-103.571,22.9322,0.0,15.875366720943447,5.684867258594607,4
161024,22127,-103.444,22.9322,0.0,17.293175341791986,6.666427073028207,4
161025,22128,-103.316,22.9322,0.0,17.109132876585686,6.802754825032875,4
161026,22129,-103.189,22.9322,0.0,16.550189093366555,6.168830778211174,4
161027,22130,-103.061,22.9322,0.0,16.338881077759318,6.114299677409308,4
161028,22131,-102.934,22.9322,0.0,16.37296301576049,6.373322406218174,4
161029,22132,-102.806,22.9322,0.01,16.720598783372388,6.632345135027041,4
161030,22133,-102.679,22.9322,0.03,16.82966098497612,7.279901957049207,4
161031,22134,-102.551,22.9322,0.02,16.720598783372388,7.961540717072543,4
161032,22135,-102.424,22.9322,0.04,17.136398426986617,7.736599926264843,4
161033,22136,-102.296,22.9322,0.04,17.286358954191748,8.111501244277676,4
161034,22137,-102.169,22.9322,0.061,16.95235596178032,7.981989879873242,4
161035,22138,-102.041,22.9322,0.067,15.848101170542519,8.036520980675109,4
161036,22139,-101.914,22.9322,0.247,14.682498890902615,7.204921693446642,4
161037,22140,-101.786,22.9322,0.8759999999999999,14.307597572889776,6.898184251436143,4
161038,22141,-101.658,22.9322,2.6919999999999997,14.30078118528955,7.211738081046874,4
161039,22142,-101.531,22.9322,1.126,14.164453433284885,7.354882220651777,4
161040,22143,-101.403,22.9322,0.418,13.305588595655482,6.857285925834741,4
161041,22144,-101.276,22.9322,3.3960000000000004,12.26268129281978,6.461935445021207,4
161042,22145,-101.148,22.9322,8.568999999999999,12.303579618421182,7.0072464530398735,4
161043,22146,-101.021,22.9322,11.107000000000001,12.79435952563798,7.661619662662276,4
161044,22147,-100.893,22.9322,5.683,12.439907370425846,7.273085569448974,4
161045,22148,-100.766,22.9322,9.511000000000001,11.32201980398758,6.789122049832407,4
161046,22149,-100.638,22.9322,18.019000000000002,12.39900904482445,7.388964158652942,4
161047,22150,-100.511,22.9322,5.428,14.293964797689314,8.44550423668911,4
161048,22151,-100.383,22.9322,0.469,14.055391231681151,8.002439042673942,4
161049,22152,-100.256,22.9322,4.513,13.60550965006575,7.934275166671608,4
161050,22153,-100.128,22.9322,7.191,14.137187882883945,8.95673330670661,4
161051,22154,-100.001,22.9322,6.053999999999999,14.082656782082086,9.086244671111043,4
161273,22376,-103.954,23.0496,0.0,17.88620106301229,6.891367863835907,4
161274,22377,-103.826,23.0496,0.0,15.773120906939953,5.725765584196007,4
161275,22378,-103.699,23.0496,0.0,15.057400208915453,5.34404787858294,4
161276,22379,-103.571,23.0496,0.0,15.309606550124085,5.9507063750037075,4
161277,22380,-103.444,23.0496,0.0,16.407044953761652,6.352873243417474,4
161278,22381,-103.316,23.0496,0.0,17.01370345018242,6.870918701035207,4
161279,22382,-103.189,23.0496,0.0,16.938723186579853,6.455119057420975,4
161280,22383,-103.061,23.0496,0.0,16.24345165135605,6.196096328612107,4
161281,22384,-102.934,23.0496,0.0,16.032143635748817,6.196096328612107,4
161282,22385,-102.806,23.0496,0.01,16.877375698177755,6.8232039878335735,4
161283,22386,-102.679,23.0496,0.02,17.299991729392215,7.143574205044542,4
161284,22387,-102.551,23.0496,0.03,17.211378690589186,7.579823011459474,4
161285,22388,-102.424,23.0496,0.05,17.409053930995952,7.845662127868575,4
161286,22389,-102.296,23.0496,0.06,17.511299744999455,8.370523973086543,4
161287,22390,-102.169,23.0496,0.08,17.143214814586848,8.377340360686775,4
161288,22391,-102.041,23.0496,0.122,16.120756674551853,8.070602918676276,4
161289,22392,-101.914,23.0496,0.225,14.832459418107753,7.273085569448974,4
161290,22393,-101.786,23.0496,0.525,14.225800921686986,6.9390825770375395,4
161291,22394,-101.658,23.0496,0.638,14.062207619281384,7.143574205044542,4
161292,22395,-101.531,23.0496,1.525,13.639591588066914,7.286718344649441,4
161293,22396,-101.403,23.0496,0.196,13.16244445605058,6.741407336630776,4
161294,22397,-101.276,23.0496,2.069,11.887779974806948,6.250627429413973,4
161295,22398,-101.148,23.0496,6.8260000000000005,12.003658564010914,6.543732096224008,4
161296,22399,-101.021,23.0496,8.61,12.133169928415349,6.830020375433808,4
161297,22400,-100.893,23.0496,5.647,11.212957602383845,6.577814034225176,4
161298,22401,-100.766,23.0496,11.415,10.510869679559812,6.5914468094256415,4
161299,22402,-100.638,23.0496,14.307,12.739828424836116,7.77068186426601,4
161300,22403,-100.511,23.0496,5.58,14.566620301698652,8.963549694306844,4
161301,22404,-100.383,23.0496,0.517,14.518905588497017,8.356891197886076,4
161302,22405,-100.256,23.0496,4.968999999999999,13.796368502872285,8.275094546683277,4
161303,22406,-100.128,23.0496,7.122000000000001,13.994043743279052,8.827221942302176,4
161304,22407,-100.001,23.0496,4.822,13.210159169252215,8.34325842268561,4
161526,22629,-103.954,23.1669,0.0,16.884192085777983,5.698500033795072,4
161527,22630,-103.826,23.1669,0.0,16.495657992564684,5.991604700605106,4
161528,22631,-103.699,23.1669,0.0,16.100307511751154,5.868909723800907,4
161529,22632,-103.571,23.1669,0.0,15.480016240129919,5.9507063750037075,4
161530,22633,-103.444,23.1669,0.0,15.991245310147418,6.557364871424474,4
161531,22634,-103.316,23.1669,0.0,16.897824860978453,6.843653150634274,4
161532,22635,-103.189,23.1669,0.0,17.272726178991288,7.000430065439643,4
161533,22636,-103.061,23.1669,0.0,16.979621512181257,6.734590949030542,4
161534,22637,-102.934,23.1669,0.0,16.713782395772153,6.659610685427972,4
161535,22638,-102.806,23.1669,0.0,17.150031202187087,7.082226716642443,4
161536,22639,-102.679,23.1669,0.01,17.47040141939805,7.409413321453641,4
161537,22640,-102.551,23.1669,0.021,17.347706442593857,7.532108298257843,4
161538,22641,-102.424,23.1669,0.03,17.56583084580132,8.281910934283509,4
161539,22642,-102.296,23.1669,0.06,17.67489304740505,8.649995864696107,4
161540,22643,-102.169,23.1669,0.098,17.272726178991288,8.786323616700777,4
161541,22644,-102.041,23.1669,0.298,16.352513852959785,8.234196221081877,4
161542,22645,-101.914,23.1669,0.489,15.370954038526184,7.818396577467643,4
161543,22646,-101.786,23.1669,0.8320000000000001,14.757479154505182,7.443495259454807,4
161544,22647,-101.658,23.1669,0.41100000000000003,14.273515634888618,7.348065833051543,4
161545,22648,-101.531,23.1669,1.069,13.530529386463185,7.1094922670433744,4
161546,22649,-101.403,23.1669,0.82,12.821625076038911,6.564181259024707,4
161547,22650,-101.276,23.1669,1.033,12.228599354818616,6.2233618790130425,4
161548,22651,-101.148,23.1669,5.038,11.758268610402515,6.230178266613272,4
161549,22652,-101.021,23.1669,6.7079999999999975,11.458347555992244,6.4074043442193425,4
161550,22653,-100.893,23.1669,6.428999999999999,10.858505447171712,6.400587956619107,4
161551,22654,-100.766,23.1669,7.903,11.880963587206711,6.802754825032875,4
161552,22655,-100.638,23.1669,10.857000000000001,13.407834409658985,8.34325842268561,4
161553,22656,-100.511,23.1669,5.7079999999999975,14.321230348090253,8.990815244707777,4
161554,22657,-100.383,23.1669,1.4280000000000002,13.837266828473684,8.241012608682109,4
161555,22658,-100.256,23.1669,6.547999999999999,13.312404983255716,8.670445027496811,4
161556,22659,-100.128,23.1669,5.694,13.81000127807275,9.038529957909413,4
161557,22660,-100.001,23.1669,3.181,12.337661556422349,7.777498251866242,4
161779,22882,-103.954,23.2841,0.0,15.848101170542519,4.982779335770572,4
161780,22883,-103.826,23.2841,0.0,16.76831349657402,5.691683646194838,4
161781,22884,-103.699,23.2841,0.0,16.54337270576632,6.046135801406972,4
161782,22885,-103.571,23.2841,0.0,15.48683262773015,5.889358886601608,4
161783,22886,-103.444,23.2841,0.0,15.752671744139251,6.693692623429143,4
161784,22887,-103.316,23.2841,0.0,16.618352969368885,7.014062840640108,4
161785,22888,-103.189,23.2841,0.0,17.02051983778265,7.170839755445473,4
161786,22889,-103.061,23.2841,0.0,17.388604768195254,7.198105305846409,4
161787,22890,-102.934,23.2841,0.0,17.46358503179782,7.170839755445473,4
161788,22891,-102.806,23.2841,0.0,17.340890054993622,7.320800282650608,4
161789,22892,-102.679,23.2841,0.003,17.347706442593857,7.641170499861577,4
161790,22893,-102.551,23.2841,0.136,17.409053930995952,8.125134019478143,4
161791,22894,-102.424,23.2841,0.369,17.62036194660319,9.147592159513145,4
161792,22895,-102.296,23.2841,0.254,17.586280008602017,9.174857709914077,4
161793,22896,-102.169,23.2841,0.285,17.272726178991288,8.902202205904743,4
161794,22897,-102.041,23.2841,0.573,16.597903806568187,8.704526965497976,4
161795,22898,-101.914,23.2841,0.782,15.86855033334322,8.34325842268561,4
161796,22899,-101.786,23.2841,0.86,15.268708224522689,8.002439042673942,4
161797,22900,-101.658,23.2841,0.597,14.655233340501685,7.668436050262509,4
161798,22901,-101.531,23.2841,0.402,13.666857138467849,7.0072464530398735,4
161799,22902,-101.403,23.2841,1.225,12.412641820024914,6.352873243417474,4
161800,22903,-101.276,23.2841,1.8969999999999998,11.805983323604147,6.059768576607442,4
161801,22904,-101.148,23.2841,3.266,11.465163943592481,6.018870251006041,4
161802,22905,-101.021,23.2841,4.407,11.349285354388511,6.346056855817242,4
161803,22906,-100.893,23.2841,7.352,11.172059276782448,6.707325398629607,4
161804,22907,-100.766,23.2841,9.436,12.603500672831444,7.504842747856909,4
161805,22908,-100.638,23.2841,9.703,13.919063479676485,8.827221942302176,4
161806,22909,-100.511,23.2841,5.5360000000000005,13.830450440873447,8.73179251589891,4
161807,22910,-100.383,23.2841,4.362,12.79435952563798,8.070602918676276,4
161808,22911,-100.256,23.2841,6.784,13.33967053365665,8.970366081907079,4
161809,22912,-100.128,23.2841,5.5820000000000025,13.714571851669483,9.202123260315009,4
161810,22913,-100.001,23.2841,1.238,12.249048517619311,7.559373848658775,4
162032,23135,-103.954,23.4011,0.0,16.50929076776515,5.453110080186673,4
162033,23136,-103.826,23.4011,0.0,16.781946271774487,5.650785320593437,4
162034,23137,-103.699,23.4011,0.0,16.536556318166088,6.059768576607442,4
162035,23138,-103.571,23.4011,0.0,15.71177341853785,6.03931941380674,4
162036,23139,-103.444,23.4011,0.0,15.80720284494112,6.700509011029375,4
162037,23140,-103.316,23.4011,0.0,16.42067772896212,7.1094922670433744,4
162038,23141,-103.189,23.4011,0.0,16.74104794617309,7.170839755445473,4
162039,23142,-103.061,23.4011,0.0,17.313624504592685,7.491209972656442,4
162040,23143,-102.934,23.4011,0.0,17.60672917140272,7.429862484254342,4
162041,23144,-102.806,23.4011,0.0,17.299991729392215,7.6820688254629745,4
162042,23145,-102.679,23.4011,0.001,17.136398426986617,7.7843146394664755,4
162043,23146,-102.551,23.4011,0.127,17.35452283019409,8.261461771482809,4
162044,23147,-102.424,23.4011,0.563,17.47040141939805,9.031713570309178,4
162045,23148,-102.296,23.4011,0.7390000000000001,17.347706442593857,8.990815244707777,4
162046,23149,-102.169,23.4011,0.5,16.95235596178032,9.052162733109878,4
162047,23150,-102.041,23.4011,0.7979999999999999,16.611536581768654,8.643179477095876,4
162048,23151,-101.914,23.4011,0.977,15.963979759746485,8.465953399489807,4
162049,23152,-101.786,23.4011,1.337,15.227809898921285,8.091052081476978,4
162050,23153,-101.658,23.4011,1.7180000000000002,14.368945061291885,7.825212965067875,4
162051,23154,-101.531,23.4011,0.539,13.441916347660149,7.157206980245007,4
162052,23155,-101.403,23.4011,1.056,12.194517416817447,6.18246355341164,4
162053,23156,-101.276,23.4011,2.5980000000000003,11.465163943592481,6.005237475805575,4
162054,23157,-101.148,23.4011,2.329,12.051373277212546,6.3937715690188766,4
162055,23158,-101.021,23.4011,0.9420000000000001,12.119537153214884,6.632345135027041,4
162056,23159,-100.893,23.4011,5.824,11.062997075178714,6.6255287474268085,4
162057,23160,-100.766,23.4011,9.437999999999999,12.433090982825613,7.4980263602566755,4
162058,23161,-100.638,23.4011,11.662,13.455549122860615,8.806772779501475,4
162059,23162,-100.511,23.4011,5.7810000000000015,13.380568859258045,8.50685172509121,4
162060,23163,-100.383,23.4011,3.233,12.81480868843868,8.275094546683277,4
162061,23164,-100.256,23.4011,6.244,13.107913355248716,8.806772779501475,4
162062,23165,-100.128,23.4011,6.039,13.032933091646148,8.52730088789191,4
162063,23166,-100.001,23.4011,1.4869999999999999,12.36492710682328,7.307167507450143,4
162285,23388,-103.954,23.5181,0.0,17.49766696979899,6.277892979814907,4
162286,23389,-103.826,23.5181,0.0,17.081867326184753,6.127932452609774,4
162287,23390,-103.699,23.5181,0.0,16.475208829763986,6.236994654213508,4
162288,23391,-103.571,23.5181,0.0,16.13438944975232,6.536915708623773,4
162289,23392,-103.444,23.5181,0.0,16.100307511751154,6.714141786229841,4
162290,23393,-103.316,23.5181,0.0,16.679700457770984,7.068593941441972,4
162291,23394,-103.189,23.5181,0.0,17.150031202187087,7.184472530645943,4
162292,23395,-103.061,23.5181,0.0,17.388604768195254,7.266269181848742,4
162293,23396,-102.934,23.5181,0.0,17.409053930995952,7.607088561860409,4
162294,23397,-102.806,23.5181,0.0,17.23864424099012,7.961540717072543,4
162295,23398,-102.679,23.5181,0.01,17.25909340379082,8.097868469077211,4
162296,23399,-102.551,23.5181,0.021,17.449952256597353,8.36370758548631,4
162297,23400,-102.424,23.5181,0.11699999999999999,17.456768644197588,8.431871461488642,4
162298,23401,-102.296,23.5181,0.8240000000000001,17.19774591538872,8.97718246950731,4
162299,23402,-102.169,23.5181,1.002,16.70696600817192,8.943100531506143,4
162300,23403,-102.041,23.5181,0.7759999999999999,16.468392442163754,8.73179251589891,4
162301,23404,-101.914,23.5181,1.554,15.786753682140418,8.30236009708421,4
162302,23405,-101.786,23.5181,1.935,14.846092193308218,7.893376841070209,4
162303,23406,-101.658,23.5181,3.2569999999999997,14.130371495283716,7.7025179882636765,4
162304,23407,-101.531,23.5181,3.553,13.380568859258045,7.198105305846409,4
162305,23408,-101.403,23.5181,2.6189999999999998,12.385376269623984,6.318791305416307,4
162306,23409,-101.276,23.5181,5.062,11.656022796399016,6.3392404682170085,4
162307,23410,-101.148,23.5181,4.36,12.81480868843868,7.198105305846409,4
162308,23411,-101.021,23.5181,0.39399999999999996,12.992034766044748,6.898184251436143,4
162309,23412,-100.893,23.5181,3.805,10.429073028357012,6.059768576607442,4
162310,23413,-100.766,23.5181,9.015,11.226590377584312,6.714141786229841,4
162311,23414,-100.638,23.5181,10.695,13.257873882453847,8.799956391901244,4
162312,23415,-100.511,23.5181,8.402000000000001,12.937503665242884,8.95673330670661,4
162313,23416,-100.383,23.5181,7.037999999999999,13.414650797259213,8.861303880303344,4
162314,23417,-100.256,23.5181,5.0760000000000005,13.026116704045913,8.459137011889576,4
162315,23418,-100.128,23.5181,4.4860000000000015,12.126353540815115,7.504842747856909,4
162316,23419,-100.001,23.5181,4.0760000000000005,12.460356533226545,7.743416313865075,4
162538,23641,-103.954,23.635,0.0,17.90665022581299,6.870918701035207,4
162539,23642,-103.826,23.635,0.0,16.836477372576347,6.434669894620272,4
162540,23643,-103.699,23.635,0.0,15.90944865894462,6.32560769301654,4
162541,23644,-103.571,23.635,0.0,15.950346984546018,6.564181259024707,4
162542,23645,-103.444,23.635,0.01,16.263900814156752,6.802754825032875,4
162543,23646,-103.316,23.635,0.0,17.034152612983114,7.286718344649441,4
162544,23647,-103.189,23.635,0.0,17.749873311007622,7.559373848658775,4
162545,23648,-103.061,23.635,0.0,17.64762749700412,7.716150763464142,4
162546,23649,-102.934,23.635,0.0,17.306808116992453,8.309176484684443,4
162547,23650,-102.806,23.635,0.001,17.293175341791986,8.152399569879076,4
162548,23651,-102.679,23.635,0.062,17.552198070600852,8.820405554701944,4
162549,23652,-102.551,23.635,0.134,17.783955249008788,9.004448019908244,4
162550,23653,-102.424,23.635,0.032,17.715791373006454,9.004448019908244,4
162551,23654,-102.296,23.635,1.004,17.23864424099012,8.643179477095876,4
162552,23655,-102.169,23.635,1.69,16.74104794617309,8.643179477095876,4
162553,23656,-102.041,23.635,1.405,16.209369713354885,8.36370758548631,4
162554,23657,-101.914,23.635,1.808,15.309606550124085,7.920642391471143,4
162555,23658,-101.786,23.635,2.465,14.471190875295385,7.661619662662276,4
162556,23659,-101.658,23.635,3.345,13.871348766474853,7.443495259454807,4
162557,23660,-101.531,23.635,5.0,13.046565866846617,6.993613677839407,4
162558,23661,-101.403,23.635,5.979,12.26268129281978,6.707325398629607,4
162559,23662,-101.276,23.635,9.511000000000001,12.051373277212546,6.973164515038707,4
162560,23663,-101.148,23.635,8.011000000000001,13.135178905649648,7.8729276782695115,4
162561,23664,-101.021,23.635,2.447,12.951136440443346,7.191288918246175,4
162562,23665,-100.893,23.635,2.069,10.142784749147213,5.889358886601608,4
162563,23666,-100.766,23.635,6.348,11.144793726381511,6.36650601861794,4
162564,23667,-100.638,23.635,7.365,13.298772208055249,8.827221942302176,4
162565,23668,-100.511,23.635,8.575,13.169260843650816,9.352083787520144,4
162566,23669,-100.383,23.635,8.092,12.869339789240547,8.881753043104043,4
162567,23670,-100.256,23.635,6.102,12.371743494423516,8.029704593074875,4
162568,23671,-100.128,23.635,6.202000000000001,12.187701029217214,7.757049089065544,4
162569,23672,-100.001,23.635,5.404,13.067015029647315,8.465953399489807,4
162791,23894,-103.954,23.7518,0.0,17.790771636609023,6.843653150634274,4
162792,23895,-103.826,23.7518,0.0,16.413861341361883,6.434669894620272,4
162793,23896,-103.699,23.7518,0.0,15.636793154935287,6.155198003010707,4
162794,23897,-103.571,23.7518,0.02,15.739038968938784,6.3392404682170085,4
162795,23898,-103.444,23.7518,0.11,16.182104162953948,6.632345135027041,4
162796,23899,-103.316,23.7518,0.17,17.150031202187087,7.388964158652942,4
162797,23900,-103.189,23.7518,0.01,17.947548551414386,7.988806267473475,4
162798,23901,-103.061,23.7518,0.0,18.029345202617183,7.913826003870909,4
162799,23902,-102.934,23.7518,0.0,17.736240535807152,8.575015601093543,4
162800,23903,-102.806,23.7518,0.001,17.484034194598518,8.36370758548631,4
162801,23904,-102.679,23.7518,0.105,17.374971992994787,8.500035337490978,4
162802,23905,-102.551,23.7518,0.768,17.61354555900295,9.304369074318512,4
162803,23906,-102.424,23.7518,0.401,17.87256828781182,9.318001849518977,4
162804,23907,-102.296,23.7518,0.053,17.69534221020575,9.14077577191291,4
162805,23908,-102.169,23.7518,0.96,17.10231648898545,8.83403832990241,4
162806,23909,-102.041,23.7518,1.255,16.01169447294812,8.38415674828701,4
162807,23910,-101.914,23.7518,2.3609999999999998,14.955154394911952,7.763865476665776,4
162808,23911,-101.786,23.7518,3.0210000000000004,14.471190875295385,7.463944422255508,4
162809,23912,-101.658,23.7518,2.928,13.987227355678813,7.579823011459474,4
162810,23913,-101.531,23.7518,1.56,13.230608332052915,6.993613677839407,4
162811,23914,-101.403,23.7518,4.206,12.037740502012081,6.952715352238008,4
162812,23915,-101.276,23.7518,6.0829999999999975,12.617133448031915,7.450311647055043,4
162813,23916,-101.148,23.7518,6.683,13.189710006451516,8.193297895480478,4
162814,23917,-101.021,23.7518,5.7479999999999976,13.080647804847784,7.988806267473475,4
162815,23918,-100.893,23.7518,1.157,12.194517416817447,6.836836763034041,4
162816,23919,-100.766,23.7518,1.9809999999999999,12.760277587636814,7.327616670250841,4
162817,23920,-100.638,23.7518,3.714,13.441916347660149,8.943100531506143,4
162818,23921,-100.511,23.7518,9.051,13.094280580048249,9.093061058711275,4
162819,23922,-100.383,23.7518,8.627,12.242232130019081,8.288727321883743,4
162820,23923,-100.256,23.7518,7.766,11.294754253586644,7.661619662662276,4
162821,23924,-100.128,23.7518,7.776,12.187701029217214,8.377340360686775,4
162822,23925,-100.001,23.7518,5.2970000000000015,12.79435952563798,8.411422298687944,4
163044,24147,-103.954,23.8684,0.0,17.62036194660319,6.809571212633108,4
163045,24148,-103.826,23.8684,0.0,16.42067772896212,6.305158530215841,4
163046,24149,-103.699,23.8684,0.0,16.038960023349055,6.271076592214674,4
163047,24150,-103.571,23.8684,0.02,15.991245310147418,6.3869551814186405,4
163048,24151,-103.444,23.8684,0.11,16.37296301576049,6.659610685427972,4
163049,24152,-103.316,23.8684,0.28,17.21819507818942,7.552557461058543,4
163050,24153,-103.189,23.8684,0.42,17.85893551261135,8.17966512028001,4
163051,24154,-103.061,23.8684,0.24,18.247469605824648,8.356891197886076,4
163052,24155,-102.934,23.8684,0.0,18.267918768625353,8.465953399489807,4
163053,24156,-102.806,23.8684,0.0,17.484034194598518,8.738608903499143,4
163054,24157,-102.679,23.8684,0.068,16.536556318166088,8.22056344588141,4
163055,24158,-102.551,23.8684,0.993,16.74104794617309,9.072611895910578,4
163056,24159,-102.424,23.8684,1.245,17.708974985406222,9.720168717932744,4
163057,24160,-102.296,23.8684,0.44799999999999995,18.07024352821859,9.50886070232551,4
163058,24161,-102.169,23.8684,0.349,17.661260272204586,9.106693833911745,4
163059,24162,-102.041,23.8684,2.032,16.35933024056002,8.874936655503811,4
163060,24163,-101.914,23.8684,2.427,15.507281790530849,8.52730088789191,4
163061,24164,-101.786,23.8684,2.9539999999999997,15.057400208915453,8.36370758548631,4
163062,24165,-101.658,23.8684,2.906,14.23943369688745,7.886560453469976,4
163063,24166,-101.531,23.8684,1.089,13.380568859258045,7.177656143045707,4
163064,24167,-101.403,23.8684,1.249,12.44672375802608,7.129941429844076,4
163065,24168,-101.276,23.8684,2.932,13.046565866846617,7.852478515468809,4
163066,24169,-101.148,23.8684,6.907,13.72820462686995,8.50685172509121,4
163067,24170,-101.021,23.8684,10.28,13.387385246858285,8.949916919106377,4
163068,24171,-100.893,23.8684,7.695,13.114729742848947,8.724976128298676,4
163069,24172,-100.766,23.8684,4.65,13.12154613044918,8.479586174690276,4
163070,24173,-100.638,23.8684,6.435,13.067015029647315,8.718159740698443,4
163071,24174,-100.511,23.8684,8.151,12.514887634028414,8.718159740698443,4
163072,24175,-100.383,23.8684,5.7170000000000005,11.860514424406011,8.050153755875577,4
163073,24176,-100.256,23.8684,4.225,11.287937865986411,7.116308654643607,4
163074,24177,-100.128,23.8684,3.342,12.480805696027248,7.545741073458309,4
163075,24178,-100.001,23.8684,1.979,11.594675307996914,7.054961166241507,4
163297,24400,-103.954,23.985,0.0,17.231827853389888,6.4074043442193425,4
163298,24401,-103.826,23.985,0.0,16.332064690159086,6.155198003010707,4
163299,24402,-103.699,23.985,0.0,16.127573062152084,6.168830778211174,4
163300,24403,-103.571,23.985,0.0,16.277533589357223,6.3937715690188766,4
163301,24404,-103.444,23.985,0.01,16.72741517097262,6.952715352238008,4
163302,24405,-103.316,23.985,0.12,17.17729675258802,7.450311647055043,4
163303,24406,-103.189,23.985,0.1,17.388604768195254,7.797947414666942,4
163304,24407,-103.061,23.985,0.46,17.879384675412055,7.988806267473475,4
163305,24408,-102.934,23.985,0.11,18.28155154382582,8.425055073888409,4
163306,24409,-102.806,23.985,0.01,17.163663977387554,8.595464763894244,4
163307,24410,-102.679,23.985,0.02,15.875366720943447,8.056970143475809,4
163308,24411,-102.551,23.985,0.145,16.434310504162585,7.988806267473475,4
163309,24412,-102.424,23.985,0.639,17.65444388460435,9.283919911517811,4
163310,24413,-102.296,23.985,0.997,18.049794365417885,9.788332593935078,4
163311,24414,-102.169,23.985,1.228,17.893017450612522,9.495227927125043,4
163312,24415,-102.041,23.985,2.191,16.87055931057752,9.05897912071011,4
163313,24416,-101.914,23.985,2.418,16.638802132169587,8.895385818304511,4
163314,24417,-101.786,23.985,2.259,15.923081434145086,8.786323616700777,4
163315,24418,-101.658,23.985,4.711,14.348495898491185,8.472769787090042,4
163316,24419,-101.531,23.985,2.097,12.917054502442179,7.566190236259008,4
163317,24420,-101.403,23.985,0.8809999999999999,12.848890626439848,7.518475523057375,4
163318,24421,-101.276,23.985,1.6219999999999999,13.489631060861782,8.281910934283509,4
163319,24422,-101.148,23.985,6.475,13.775919340071585,8.704526965497976,4
163320,24423,-101.021,23.985,12.847000000000001,13.462365510460849,9.14077577191291,4
163321,24424,-100.893,23.985,10.102,13.298772208055249,9.202123260315009,4
163322,24425,-100.766,23.985,6.8420000000000005,13.319221370855944,8.479586174690276,4
163323,24426,-100.638,23.985,6.127999999999999,11.894596362407178,8.043337368275344,4
163324,24427,-100.511,23.985,4.848,12.024107726811616,8.17966512028001,4
163325,24428,-100.383,23.985,1.791,12.610317060431681,7.627537724661107,4
163326,24429,-100.256,23.985,0.856,11.62194085839785,6.707325398629607,4
163327,24430,-100.128,23.985,1.03,11.287937865986411,6.2029127162123405,4
163328,24431,-100.001,23.985,0.747,9.856496469937412,5.7666639097974075,4
